"text","sentiment","subject","topic","gender"
"BREAKING: No, You Can't Trust @MarcoRubio To Protect Your Guns! #2A #NRA #MarcosMistakes #NHPrimary #VOAV https://t.co/e0pz6","neutral","subjective","Business & Economy","female"
"Team Marco Donor Big DEM Backer! Bankrolled RAHM Emanuel! TWICE! @MarcoRubio #MarcosMistakes #SCPrimary #VOAV https://t.co/Q","neutral","objective","News","male"
"@TGowdySC sitting beside @marcorubio on #Hannity speaks volumes 2me @seanhannity  #WakeUpAmerica","negative","subjective","News","male"
"After Saturday's #GOPDebate @marcorubio took a victory lap on all 5 major Sunday shows! Get the highlights: https://t.co/X","neutral","objective","Sports","male"
"If America doesn't elect @marcorubio as the next president, then I will have officially lost hope for this country. #TeamMarco #Rubio2016","negative","subjective","News","male"
"Schlafly Unloads on  He Betrayed Us All! #Amnesty #SCPrimary #SCGOP #MarcosMistakes #VOAV https://t.co/HTj","positive","objective","Shopping","male"
"@mdjohnson9 @FoxNews @TGowdySC @marcorubio well, can u tell he is pushing for Rubio he is one of the 8 that Rubio is a member of","positive","objective","News","male"
"@MarcoRubio LIES! As FL House Spkr. He Pushed 4 #CapandTrade! Marco's Record Begins 2 Haunt! #MarcosMistakes #VOAV https://","positive","objective","News","male"
"@DT_Stephenson @nicknamejed @marcorubio LOL that's all you guys have left. Lol too funny","positive","subjective","Home & Domestic Life","male"
"Schlafly Unloads on  He Betrayed Us All! #Amnesty #SCPrimary #SCGOP #MarcosMistakes #VOAV https://t.co/nk5ArusH4c","positive","objective","Shopping","male"
"As #SCPrimary nears I urge these people to endorse @marcorubio 
@ScottWalker 
@AmbJohnBolton 
@ReaganWorld 
@nikkihaley 
@","neutral","subjective","Science","male"
"@MarcoRubio, Please Call Dan Quayle. All Rhetoric, No Substance! #SCPrimary #SCGOP #MarcosMistakes #VOAV https://t.co/Dh9l","negative","subjective","Society","male"
"RT.@MarcoRubio Wall Street Sponsor Paul Singer Dumped Hundreds of Thousands into Common Core! #marcosmistakes #VOAV h","neutral","objective","News","male"
"@MarcoRubio Wont Reveal His Position on TPP Until AFTER the Primaries! He Voted For It! #MarcosMistakes #VOAV https:","positive","objective","News","male"
"Cruz and Trump can keep their brand of conservative...I've no interest in closing the doors on the tent. @marcorubio is ","neutral","subjective","News","male"
"@MarcoRubio's Scandal-Ridden Gang Wont Leave Him Alone! #Rubio's Past Comes To Haunt! #MarcosMistakes #VOAV https://","negative","objective","Society","male"
"This is absolutely fantastic.  Very, very well done @marcorubio.  https://t.co/wfKDPj0ly1","positive","subjective","Home & Domestic Life","male"
"@seanhannity @SenatorTimScott @marcorubio ummmm without question? Hahaha!!!","positive","subjective","Home & Domestic Life","male"
"@marcorubio didn't bother to show up to fight to defund PP, and then voted for the CR that funded it. #MarcoNoShow #RubioLies","positive","subjective","News","male"
"I'm joining @marcorubio and his fight for a New American Century #marco https://t.co/6eIQm6FB6W","neutral","objective","Arts","female"
"@RocknRollMic The truth shall set u free! Glad ur parents saw the light! Need more #cruzcrew and #trumpkins 2 see truth. We ","positive","objective","Society","male"
"Former #NRA President: @MarcoRubio Wasnt a Friend to Gun Owners in FL! #MarcosMistakes #2A #VOAV #SCPrimary https://t.co/","neutral","objective","News","male"
"@TracyJeffords @PoliticalLaughs @marcorubio Exactly.  Cruz thinks he can get away with all the lies because Trump is worse.  Wrongamundo.","negative","objective","News","male"
"@TGowdySC on #GOPDebate last weekend: [@marcorubio] was absolutely flawless. #Greta https://t.co/hJZ5QsZrA5","negative","objective","Science","male"
"@MarcoRubio thinks Foreign Workers are BETTER than Americans! #TCOT #Amnesty #MarcosMistakes #SCPrimary #VOAV https://t.c","neutral","subjective","News","male"
"Hey #NewHampshire, @marcorubio is still out there standing for you! Please get out and #VoteForMarco now! #FITN #GOP https","positive","subjective","Arts","male"
"Team Marco Donor Big DEM Backer! Bankrolled RAHM Emanuel! TWICE! @MarcoRubio #MarcosMistakes #SCPrimary #VOAV https://t.co/Q","neutral","objective","News","male"
"\"Liar, liar pants on fire is not a legitimate response\" says @tedcruz of @realDonaldTrump and @marcorubio antics https://t.co","neutral","subjective","News","male"
"@nicknamejed @MannyLinares1 @marcorubio Eduardo Cruz is the biggest liar to run in decades. Lol","positive","objective","News","male"
"@tedcruz Slams @realDonaldTrump's Lawsuit Threat, @marcorubio's Record: https://t.co/hNitMKwvLn","neutral","objective","News","male"
"Marco Rubio ratchets up anti-gay marriage rhetoric, forms advisory board https://t.co/Ve4AjKlkza @marcorubio @HRC https://","neutral","objective","News","male"
"@MarcoRubio Didnt Want To Vet Foreigners From Terrorist Countries After 9-11! #MarcosMistakes #SCPrimary #VOAV https://t.c","negative","objective","News","male"
"@brydibrown7 @jstines3 @marcorubio @MSNBC Well who else would he endorse? Thank God he didn't \"endorse\" Ted.","positive","objective","News","female"
"What is @MarcoRubio Association w/ @RepRivera and #RalphArza? 2 Scandals, No Media Attention! #MarcosMistakes #VOAV https://","neutral","subjective","Recreation & Activities","male"
"@FoxNews @tedcruz @realDonaldTrump @marcorubio everything Cruz has said about Trump and Rubio is proven true! They are t","positive","objective","News","male"
"If you think because Trump is the bigger threat, I'm going to ignore Cruz lying non-stop about @marcorubio , you are mis","positive","subjective","News","female"
"RT.@MarcoRubio Wall Street Sponsor Paul Singer Dumped Hundreds of Thousands into Common Core! #marcosmistakes #VOAV h","neutral","objective","News","male"
"Interview Transcript @MarcoRubio Promised Hispanics en Espaol Hed Keep Executive Amnesty in Place! #MarcosMistakes https","neutral","objective","News","male"
"@CNNPolitics @tedcruz @marcorubio @TalKopan McConnell's statement O shouldN't choose, shld be WILL NOT choose/CRUZ WILL FILIBUSTER,not Rubio","negative","subjective","Society","male"
"@MarcoRubio Didnt Want To Vet Foreigners From Terrorist Countries After 9-11! #MarcosMistakes #SCPrimary #VOAV https://t.c","negative","objective","News","male"
"@itsallgoodonok @SenSanders @marcorubio when candidates refuse to consider even before there is a nominee - that is unamerican","positive","subjective","News","male"
"@MarcoRubio's Scandal-Ridden Gang Wont Leave Him Alone! #Rubio's Past Comes To Haunt! #MarcosMistakes #VOAV https://t.co","negative","objective","Society","male"
"Don't be fooled: @MarcoRubio NEVER supported cap-and-trade. He killed it in Florida. https://t.co/k0cRo5ejhN #SCPrimary","negative","subjective","News","male"
"Schlafly Unloads on  He Betrayed Us All! #Amnesty #SCPrimary #SCGOP #MarcosMistakes #VOAV https://t.co/HTj","positive","objective","Shopping","male"
"@marcorubio is a uniter, he makes policy personal, and is anything but a robot. 

https://t.co/Ge4duTLy2Y","positive","objective","Computers & Technology","male"
"@marcorubio and @McConnellPress should be arrested for treason. Obama can and will elect a new Supreme Court justice. #Scal","neutral","subjective","News","male"
"@collins_neal @marcorubio @TeamMarco The Mayor of West Pelzer,Blake Sanders just endorsed Rubio!!","neutral","subjective","News","male"
"@tedcruz on @realDonaldTrump and  When anyone points to their actual records they get very upset and begin screaming","negative","objective","News","male"
"Cute moment between @marcorubio and his adorable son last night  https://t.co/DqAX0cZmYM","positive","objective","Arts","female"
"@marcorubio @SenatorTimScott @TGowdySC @seanhannity @FoxNews   Hannity?? No credibility there I can see so no thanks.","negative","subjective","News","female"
"Can we talk about that mouse wheel spinning now?

@JebBush @HillaryClinton @tedcruz @marcorubio","positive","subjective","Shopping","female"
"Laura Ingraham responds to @TGowdySC's ridiculous statement that \"no one is more conservative than @marcorubio https://t.co/1O","neutral","subjective","News","male"
"@MarcoRubio Didnt Want To Vet Foreigners From Terrorist Countries After 9-11! #MarcosMistakes #SCPrimary #VOAV https://t.c","negative","objective","News","male"
"@Norsu2 @marcorubio @realDonaldTrump Good point!","positive","subjective","Home & Domestic Life","male"
"@collins_neal @marcorubio @TeamMarco The Mayor of West Pelzer,Blake Sanders just endorsed Rubio!!","neutral","subjective","News","male"
"@MarcoRubio Didnt Want To Vet Foreigners From Terrorist Countries After 9-11! #MarcosMistakes #SCPrimary #VOAV https://t.","negative","objective","News","male"
"@FoxNews @SenatorTimScott @marcorubio Funny,I think of Donald Trump !~!!!","positive","subjective","News","female"
"\"Liar, liar pants on fire is not a legitimate response\" says @tedcruz of @realDonaldTrump and @marcorubio antics https://t.co","neutral","subjective","News","male"
"@MarcoRubio Pulled the Wrong Card From His Wallet Over and Over Again! #TCOT #MarcosMistakes #SCPrimary #VOAV https://t.","negative","objective","Arts","male"
"Myth #1 @marcorubio was in Gang of Eight and supports amnesty BUSTED Myth #2 @realDonaldTrump is NOT \"self-funding\" his c","neutral","subjective","News","male"
"Did you know? @MarcoRubio Endorsed Mitch McConnell for Reelection? #RINO #GOPe #MarcosMistakes #VOAV #SCPrimary https://t.","positive","subjective","News","female"
"@Norsu2 @PoliticalLaughs @marcorubio Rubio and Cruz .  Hope you know Fox News. Is for the Trump.","positive","subjective","News","male"
"@ryanr814 @RightForRubio @tedcruz @marcorubio You would think so. Personality disorder? https://t.co/jaKkbxae6A","positive","subjective","Health","female"
"@MarcoRubio LIES! After Saying No to Refugees, Rubio Opens the Door to Syrians! #MarcosMistakes #SCPrimary #VOAV https","neutral","objective","News","male"
"If our next president is even half the president Ronald Reagan was, America will be greater than it's ever been. https://t.","positive","subjective","News","male"
"@marcorubio Leaders in the military are fired if they lose 1 plane even in a military exercise. Bush cost $billions, lives, and body parts!","neutral","objective","News","male"
"@GTHOMSE @marcorubio @thehill   Trump has severe psychological problems.","neutral","objective","Health","male"
"@Txsleuthe @seanhannity @marcorubio can't stand Teddy Shut Down's voice. #BusTed #DisgusTed #TedCruz #liar","negative","subjective","Arts","female"
"@rose10052 @jmt8090 @marcorubio Rose thank you for sharing this, put tears in my eye..Marco is genuine, with a good heart.","positive","subjective","Home & Domestic Life","female"
"Great turn out for @marcorubio here in Florence, SC ! https://t.co/igPWcTik2U","positive","subjective","Home & Domestic Life","male"
"@winstoncdn @seanhannity @marcorubio That's why I d/n hear all of his answer. I always mute him b/c of his voice.","positive","subjective","Arts","female"
"@DanDmb68 sad way to vote, being informed of your candidate should b a high priority when deciding the fate of US @DollF","neutral","subjective","News","male"
"@MarcoRubio LIES! After Saying No to Refugees, Rubio Opens the Door to Syrians! #MarcosMistakes #SCPrimary #VOAV http","neutral","objective","News","male"
"@KatyinIndy @ryanr814 @tedcruz @marcorubio it was pulled bc of SC corporate farm lobby. They use illegal labor.","negative","objective","News","male"
"@goheels_70 @MN2A4ASupporter @marcorubio Yes, he did. And McConnell gave us Eric Holder in a Dress. And will give Obama a Supreme.","neutral","objective","News","male"
"@MarcoRubio EXPOSED on Pushing #CapandTrade as FL House Speaker!! Another one of #MarcosMistakes! #SCPrimary #VOAV https:/","negative","objective","News","male"
"@MarcoRubio Pulled the Wrong Card From His Wallet Over and Over Again! #TCOT #MarcosMistakes #SCPrimary #VOAV https://t.","negative","objective","Arts","male"
"@MarcoRubio Didnt Want To Vet Foreigners From Terrorist Countries After 9-11! #MarcosMistakes #SCPrimary #VOAV https://t.","negative","objective","News","male"
"@DanDmb68 his bankruptcies and failed business ventures shouldn't be taken into account. @DollFaces911 @marcorubio @You","negative","subjective","News","male"
"What do @nikkihaley @SenatorTimScott @TGowdySC and @marcorubio have in common? They all turned their back on the people who","positive","objective","News","female"
"Look who was really lying! Any GOP that endorses support the amnesty lie 
@marcorubio @SenatorTimScott @TGowdySC https:","positive","subjective","News","female"
"Former #NRA President: @MarcoRubio Wasnt a Friend to Gun Owners in FL! #MarcosMistakes #2A #VOAV #SCPrimary https://t.co/","neutral","objective","News","male"
"@GTHOMSE @marcorubio @thehill   You bet.  I love Rubio.   Disgust only for Trump.","positive","subjective","News","female"
"BREAKING: No, You Can't Trust @MarcoRubio To Protect Your Guns! #2A #NRA #MarcosMistakes #NHPrimary #VOAV https://t.co/PF","neutral","subjective","Business & Economy","female"
"@MarcoRubio EXPOSED on Pushing #CapandTrade as FL House Speaker!! Another one of #MarcosMistakes! #SCPrimary #VOAV https://","negative","objective","News","male"
" \"A conservative that can inspire a new generation of voters: @MarcoRubio\" https://t.co/JNkqbO397f","neutral","objective","News","male"
"@tedcruz12017 @marcorubio @bpolitics Rubio wants the door open to","neutral","objective","News","male"
"@marcorubio - \"I hope that I will always be on the right side, even though it might not always be the popular side\" https://t.co/XvuvOnsmNr","positive","subjective","Home & Domestic Life","female"
"@MarcoRubio Pulled the Wrong Card From His Wallet Over and Over Again! #TCOT #MarcosMistakes #SCPrimary #VOAV https://t.co/s","negative","objective","Arts","male"
"@seanhannity @SenatorTimScott @marcorubio  please stop trying to pump this RINO to us.","negative","subjective","Recreation & Activities","male"
"Which @GOP candidate do u trust the most? @realDonaldTrump @tedcruz @marcorubio @JebBush","neutral","subjective","News","male"
"Rubio: People do not want comprehensive immigration reform

FLASHBACK: @marcorubio passed largest amnesty bill ever https:/","neutral","objective","News","male"
"@MarcoRubio LIES! After Saying No to Refugees, Rubio Opens the Door to Syrians! #MarcosMistakes #SCPrimary #VOAV https","neutral","objective","News","male"
"Cruz and Trump can keep their brand of conservative...I've no interest in closing the doors on the tent. @marcorubio is ","neutral","subjective","News","male"
"@marcorubio @SenatorTimScott @TGowdySC @seanhannity @FoxNews First term senator needs his handlers help. Establishment phony","neutral","objective","News","male"
"@carolfoxlover @Txsleuthe @sdpgrl @seanhannity @marcorubio 
Yep; it's a #TEDpertantrum Cutting off his unusual nose to sp","positive","subjective","Arts","female"
"Myth #1 @marcorubio was in Gang of Eight and supports amnesty BUSTED Myth #2 @realDonaldTrump is NOT \"self-funding\" his campaign BUSTED","neutral","subjective","News","male"
"@MarcoRubio Didnt Want To Vet Foreigners From Terrorist Countries After 9-11! #MarcosMistakes #SCPrimary #VOAV https://t.co","negative","objective","News","male"
"@MarcoRubio donors incl Bill Gates and Paul Singer-Pro #CommonCore, Pro Gay-Marriage, Pro #Amnesty. #SCPrimary #VOAV https","neutral","objective","Society","male"
"Schlafly Unloads on  He Betrayed Us All! #Amnesty #SCPrimary #SCGOP #MarcosMistakes #VOAV https://t.co/f5XRRvhhRD","positive","objective","Shopping","male"
"In Florida, @MarcoRubio worked to stop eminent domain abuse, like @realDonaldTrump used https://t.co/xv3abm6vSe  #DumpTrump #SC","neutral","objective","Health","male"
"If you think because Trump is the bigger threat, I'm going to ignore Cruz lying non-stop about @marcorubio , you are mis","positive","subjective","News","female"
"@MarcoRubio Wont Reveal His Position on TPP Until AFTER the Primaries! He Voted For It! #MarcosMistakes #VOAV https:","positive","objective","News","male"
"Don't be fooled: @MarcoRubio NEVER supported cap-and-trade. He killed it in Florida. https://t.co/k0cRo5ejhN #SCPrimary","negative","subjective","News","male"
" Justice Scalia is one of the finest, if not the finest jurist in defense of the original meaning of the Constit","neutral","subjective","Arts","male"
"@FoxNews @TGowdySC @marcorubio Gowdy is drooling all over Rubio, ewww","negative","objective","News","male"
"@MarcoRubio, Please Call Dan Quayle. All Rhetoric, No Substance! #SCPrimary #SCGOP #MarcosMistakes #VOAV https://t.co/T4iR","negative","subjective","Society","male"
"@MarcoRubio's Scandal-Ridden Gang Wont Leave Him Alone! #Rubio's Past Comes To Haunt! #MarcosMistakes #VOAV https://","negative","objective","Society","male"
"What is @MarcoRubio Association w/ @RepRivera and #RalphArza? 2 Scandals, No Media Attention! #MarcosMistakes #VOAV https://t.","neutral","subjective","Recreation & Activities","male"
"Marco Rubio Has Always Voted Against Funding Planned Parenthood https://t.co/EwE5VrhG08 @marcorubio https://t.co/49midMwryZ","neutral","objective","News","male"
" \"A conservative that can inspire a new generation of voters: @MarcoRubio\" https://t.co/JNkqbO397f","neutral","objective","News","male"
"@MarcoRubio Wont Reveal His Position on TPP Until AFTER the Primaries! He Voted For It! #MarcosMistakes #VOAV https://t.co/","positive","objective","News","male"
"BREAKING: No, You Can't Trust @MarcoRubio To Protect Your Guns! #2A #NRA #MarcosMistakes #NHPrimary #VOAV https://t.co/PF","neutral","subjective","Business & Economy","female"
"Former #NRA President: @MarcoRubio Wasnt a Friend to Gun Owners in FL! #MarcosMistakes #2A #VOAV #SCPrimary https://t.co/","neutral","objective","News","male"
"What do @nikkihaley @SenatorTimScott @TGowdySC and @marcorubio have in common? They all turned their back on the people who","positive","objective","News","female"
"@FoxNews @SenatorTimScott @marcorubio WHATTT??? Looked like a varmet cage fight except for Kasich.","positive","subjective","News","male"
"@seanhannity BTW @marcorubio RINO @SenatorTimScott and RINO @TGowdySC well, well seems the benghazi hearings just for show ","positive","subjective","News","male"
"@ArizonaLuke @freedomtex @marcorubio nope, i'm all good, thanks.","positive","subjective","Home & Domestic Life","female"
"We're hoping some @MarcoRubio supporters can join in and help out here. What's he done in the Senate over five... https://t.co/zTzlpTLZUC","neutral","objective","News","male"
"@FoxNews @tedcruz @realDonaldTrump @marcorubio everything Cruz has said about Trump and Rubio is proven true! They are the liars. Lib and a Rino","positive","objective","News","male"
"@Norsu2 Learning so much more about Rubio from your tweets. We've followed him since he's been in Washington and our favorite @marcorubio","positive","subjective","News","male"
"@MarcoRubio Wont Reveal His Position on TPP Until AFTER the Primaries! He Voted For It! #MarcosMistakes #VOAV https://t.co/","positive","objective","News","male"
"@sassy_gramma @ReeseDelaney @marcorubio Here's one https://t.co/SUcPOrUli2","neutral","subjective","Arts","male"
"Cute moment between @marcorubio and his adorable son last night  https://t.co/DqAX0cZmYM","positive","objective","Arts","female"
"@Stitchress @marcorubio @thehill Need to get the word out sistah!  Keep tweeting! :-)","positive","objective","Home & Domestic Life","female"
"Cute moment between @marcorubio and his adorable son last night  https://t.co/DqAX0cZmYM","positive","objective","Arts","female"
"I'm joining @marcorubio and his fight for a New American Century #marco https://t.co/nU5dA6hCRO *donated 6th time. I want to win that trip.","neutral","objective","Arts","female"
"@MarcoRubio LIES! After Saying No to Refugees, Rubio Opens the Door to Syrians! #MarcosMistakes #SCPrimary #VOAV https:/","neutral","objective","News","male"
"@MarcoRubio Didnt Want To Vet Foreigners From Terrorist Countries After 9-11! #MarcosMistakes #NHPrimary #VOAV https://","negative","objective","News","male"
"@Txsleuthe @seanhannity @marcorubio can't stand Teddy Shut Down's voice. #BusTed #DisgusTed #TedCruz #liar","negative","subjective","Arts","female"
"@MarcoRubio Didnt Want To Vet Foreigners From Terrorist Countries After 9-11! #MarcosMistakes #SCPrimary #VOAV https://t.c","negative","objective","News","male"
"@KatyinIndy @ryanr814 @tedcruz @marcorubio it was pulled bc of SC corporate farm lobby. They use illegal labor.","negative","objective","News","male"
"Don't be fooled: @MarcoRubio NEVER supported cap-and-trade. He killed it in Florida. https://t.co/k0cRo5ejhN #SCPrimary","negative","subjective","News","male"
"@marcorubio It was INEXCUSABLE for George W. Bush and his cadres to blow off Clinton's warnings about Osama Bin Laden and Al Qaeda!","neutral","objective","News","male"
"@foxnation @tedcruz @realDonaldTrump @marcorubio I heart all tweets knocking Trump.","positive","subjective","News","female"
" Justice Scalia is one of the finest, if not the finest jurist in defense of the original meaning of the Constit","neutral","subjective","Arts","male"
"Don't be fooled: @MarcoRubio NEVER supported cap-and-trade. He killed it in Florida. https://t.co/k0cRo5ejhN #SCPrimary","negative","subjective","News","male"
"If you think because Trump is the bigger threat, I'm going to ignore Cruz lying non-stop about @marcorubio , you are mis","positive","subjective","News","female"
"@marcorubio took a selfie with my daughter on her iPod after the event today. 
She was so excited. #genuine https://t.co/OHJ","positive","objective","Arts","female"
"@sassy_gramma @ReeseDelaney @marcorubio Here's one https://t.co/SUcPOrUli2","neutral","subjective","Arts","male"
"@KenGardner11 @MBGlenn @marcorubio I don't even remember tweeting anything at him....huh https://t.co/oVZPT0AUHP","negative","subjective","Home & Domestic Life","female"
"What is @MarcoRubio Association w/ @RepRivera and #RalphArza? 2 Scandals, No Media Attention! #MarcosMistakes #VOAV https://t.","neutral","subjective","Recreation & Activities","male"
"Dear My #American Followers, Lets all vote for @marcorubio , he has the best ideas on #Syria, and is most educated. htt","negative","subjective","Home & Domestic Life","female"
"@MarcoRubio cries \"lies\" about @TedCruz to hide own record like pro in-state tuition discounts for illegals aliens! https:","neutral","objective","News","male"
"@KatyinIndy @ryanr814 @tedcruz @marcorubio it was pulled bc of SC corporate farm lobby. They use illegal labor.","negative","objective","News","male"
"@carolfoxlover @Txsleuthe @sdpgrl @seanhannity @marcorubio 
Yep; it's a #TEDpertantrum Cutting off his unusual nose to spite his face","positive","subjective","Arts","female"
"@MarcoRubio's Illustrious Company On Bill Gates' Campaign Contribution List! Herd of #RINO's! #MarcosMistakes #VOAV https:/","neutral","subjective","Business & Economy","male"
"@bronxbummers @FoxNews @SenatorTimScott @marcorubio  the old lady kept her home. She didnt sell to anyone. Others tried to get it also","negative","objective","Arts","female"
"Hey @marcorubio, the first shot in your \"It's Morning Again in America\" commercial is actually Vancouver.   https://t.co/","neutral","subjective","Arts","male"
"Watch two videos of @marcorubio addressing questions of race, criminal justice, and Black Lives Matter https://t.co/UsP","neutral","objective","Society","male"
"@MarcoRubio donors incl Bill Gates and Paul Singer-Pro #CommonCore, Pro Gay-Marriage, Pro #Amnesty. #SCPrimary #VOAV https","neutral","objective","Society","male"
"@MarcoRubio's Scandal-Ridden Gang Wont Leave Him Alone! #Rubio's Past Comes To Haunt! #MarcosMistakes #VOAV https://t.c","negative","objective","Society","male"
"\"Liar, liar pants on fire is not a legitimate response\" says @tedcruz of @realDonaldTrump and @marcorubio antics https://t.co","neutral","subjective","News","male"
"Look what @marcorubio team posted in the women's restroom and on cars at packed @tedcruz event #keepitclassy https://t.co/0","neutral","objective","Sports","male"
"Where's #Marco? @MarcoRubio Racks up the Worst Missed-Vote Record in the US Senate! #MarcosMistakes #SCPrimary #VOAV http","negative","objective","Recreation & Activities","male"
"Finished watching @tedcruz lie about @marcorubio record on Hannity. You think he'd stop after having adds pulled. #TedCruzLie","positive","objective","News","male"
"@freedomtex @def732dan/  @marcorubio Dan u are wrong dont ever give in and dont ever give up America's best days r ahead  just ask GOD","positive","objective","Society","male"
"@FoxNews @marcorubio @TGowdySC @SenatorTimScott YOU ARE RIGHT MARCO RUBIO IS A PRETTY BOY AND NO TRUMP CAN'T  DROP OUT WE NEED HIM!!","positive","subjective","News","female"
"If you think because Trump is the bigger threat, I'm going to ignore Cruz lying non-stop about @marcorubio , you are mis","positive","subjective","News","female"
"Watch two videos of @marcorubio addressing questions of race, criminal justice, and Black Lives Matter https://t.co/UsP","neutral","objective","Society","male"
"@marcorubio took a selfie with my daughter on her iPod after the event today. 
She was so excited. #genuine https://t.co/OHJ","positive","objective","Arts","female"
"@rose10052 @jmt8090 @marcorubio Rose thank you for sharing this, put tears in my eye..Marco is genuine, with a good heart.","positive","subjective","Home & Domestic Life","female"
"Don't be fooled: @MarcoRubio NEVER supported cap-and-trade. He killed it in Florida. https://t.co/k0cRo5ejhN #SCPrimary","negative","subjective","News","male"
"@tedcruz on @realDonaldTrump and  When anyone points to their actual records they get very upset and begin screaming","negative","objective","News","male"
"@KatyinIndy @ryanr814 @tedcruz @marcorubio it was pulled bc of SC corporate farm lobby. They use illegal labor.","negative","objective","News","male"
"As #SCPrimary nears I urge these people to endorse @marcorubio 
@ScottWalker 
@AmbJohnBolton 
@ReaganWorld 
@nikkihaley 
@","neutral","subjective","Science","male"
"Uh Oh Was @MarcoRubio Guilty in the Carson Dropout Rumor? It looks to be so! #TCOT #SCPrimary #MarcosMistakes #VOAV https","negative","subjective","News","female"
"Even the #GOPDebates had #Candidates calling out on the #own #internal #Division #inside #Congress with .@TedCruz and .@marcorubio #fighting.","negative","subjective","News","male"
"@marcorubio thanks for coming to Florence! https://t.co/eNR2bOYxaY","positive","subjective","Arts","male"
"@rose10052 @marcorubio Indeed it did. He is a man with a heart. Without the smarminess or snarkiness or groovy hand gestures ","positive","objective","Arts","female"
"@tedcruz on @realDonaldTrump and  When anyone points to their actual records they get very upset and begin screaming","negative","objective","News","male"
"Wow: Ted Cruz's super PAC ran an attack on @marcorubio so dishonest that it had to be pulled over legal concerns. https:/","negative","subjective","News","male"
"@BradleyWasson @tedcruz Lost all respect for @marcorubio at Sat. debate. Everything Ted said about Marco was true! Marco s","negative","objective","News","male"
"In Florida, @MarcoRubio worked to stop eminent domain abuse, like @realDonaldTrump used https://t.co/xv3abm6vSe  #DumpTrump #SC","neutral","objective","Health","male"
"@PatrickSvitek @seanhannity @marcorubio @tedcruz @RealBenCarson imagine that. Rubio is lying again. Will never get my vote.","negative","subjective","News","female"
"I'm so proud to support @MarcoRubio.  He's running the best, most adult, issues oriented campaign.  Please #SCPrimary voter","positive","subjective","Health","female"
"@tedcruz Slams @realDonaldTrump's Lawsuit Threat, @marcorubio's Record: https://t.co/hNitMKwvLn","neutral","objective","News","male"
"BREAKING: Senior Senate Staffer Reveals the @MarcoRubio Directly Misled Law Enforcement! #SCPrimary #MarcosMistakes https","neutral","objective","News","male"
"@trump__2016 @UCitizens @seanhannity @marcorubio Trump is a bad@$$!","negative","subjective","News","male"
"@MarcoRubio LIES! As FL House Spkr. He Pushed 4 #CapandTrade! Marco's Record  Begins 2 Haunt! #MarcosMistakes #VOAV https","positive","objective","News","male"
"@TracyJeffords @PoliticalLaughs @marcorubio Why would a candidate for POTUS campaign in Spanish? Openly pandering. Speak English.","neutral","subjective","News","male"
"@arpitpatel34 @PoliticalLaughs @marcorubio Candidates have no control over super pacs. You guys no better. If they were wrong I'm glad.","positive","subjective","Home & Domestic Life","female"
"@seanhannity BTW @marcorubio RINO @SenatorTimScott and RINO @TGowdySC well, well seems the benghazi hearings just for show huh?","positive","subjective","News","male"
"@SnakebiteJones @KurtSchlichter @stacyhyatt Only Looking At My Man! @marcorubio","negative","objective","Arts","female"
"@MarcoRubio LIES! As FL House Spkr. He Pushed 4 #CapandTrade! Marco's Record  Begins 2 Haunt! #MarcosMistakes #VOAV https","positive","objective","News","male"
"@BradleyWasson @tedcruz Lost all respect for @marcorubio at Sat. debate. Everything Ted said about Marco was true! Marco s","negative","objective","News","male"
"@marcorubio You will lose because you think Erik Snowden is a traitor. Americans do not want YOUR government monitoring us.","negative","subjective","News","male"
"@rose10052 @marcorubio  A man of true faith. I'm always inspired and uplifted after listening to #MarcoRubio.  America needs this man in #WH.","positive","objective","Arts","female"
"@waconia3 @PoliticalLaughs @ryanr814 @RightForRubio @tedcruz @marcorubio Trump supporters R firm in rejection of establishment and ineligibles","neutral","objective","News","male"
"@ryanr814 @RightForRubio @tedcruz @marcorubio You would think so. Personality disorder? https://t.co/jaKkbxae6A","positive","subjective","Health","female"
"@MarcoRubio Wont Reveal His Position on TPP Until AFTER the Primaries! He Voted For It! #MarcosMistakes #VOAV https://t.co","positive","objective","News","male"
"In South Carolina with Senator @MarcoRubio . 
Great conversation... https://t.co/cSA4YXFZXy","neutral","objective","News","male"
"@seanhannity @marcorubio 
MarcoToldSameLies HeDidAtLastFox Debate-
InterviewAfter Debate MegynKellySaidShe
CkedRecordandCruz
WasTellingTruth.","neutral","subjective","News","male"
"@MarcoRubio Wont Reveal His Position on TPP Until AFTER the Primaries! He Voted For It! #MarcosMistakes #VOAV https://t.co","positive","objective","News","male"
"Cute moment between @marcorubio and his adorable son last night  https://t.co/DqAX0cZmYM","positive","objective","Arts","female"
"@MarcoRubio Didnt Want To Vet Foreigners From Terrorist Countries After 9-11! #MarcosMistakes #SCPrimary #VOAV https://t","negative","objective","News","male"
" When I think about a conservative, not just a Republican who can inspire a new generation of voters  @ma","positive","subjective","News","male"
"Finished watching @tedcruz lie about @marcorubio record on Hannity. You think he'd stop after having adds pulled. #TedCruzLie","positive","objective","News","male"
"@ericbolling @oreillyfactor @FoxNews has @marcorubio changed his mind about favoring amnesty?","positive","objective","News","male"
"Marco Rubio Has Always Voted Against Funding Planned Parenthood https://t.co/EwE5VrhG08 @marcorubio https://t.co/49midMwryZ","neutral","objective","News","male"
"Look what @marcorubio team posted in the women's restroom and on cars at packed @tedcruz event #keepitclassy https://t.co/0","neutral","objective","Sports","male"
"Cute moment between @marcorubio and his adorable son last night  https://t.co/DqAX0cZmYM","positive","objective","Arts","female"
"Former #NRA President: @MarcoRubio Wasnt a Friend to Gun Owners in FL! #MarcosMistakes #2A #VOAV #SCPrimary https://t.co","neutral","objective","News","male"
" When I think about a conservative, not just a Republican who can inspire a new generation of voters  @ma","positive","subjective","News","male"
"Where's #Marco? @MarcoRubio Racks up the Worst Missed-Vote Record in the US Senate! #MarcosMistakes #SCPrimary #VOAV https","negative","objective","Recreation & Activities","male"
"If you think because Trump is the bigger threat, I'm going to ignore Cruz lying non-stop about @marcorubio , you are mis","positive","subjective","News","female"
"In Florida, @MarcoRubio worked to stop eminent domain abuse, like @realDonaldTrump used https://t.co/xv3abm6vSe  #DumpTrump #SC","neutral","objective","Health","male"
"@MarcoRubio Wont Reveal His Position on TPP Until AFTER the Primaries! He Voted For It! #MarcosMistakes #VOAV https://t.co","positive","objective","News","male"
"Who Knew @MarcoRubio Supports Giving My Money 2 ILLEGALS 4 College! #MarcosMistakes #SCPrimary #VOAV https://t.co/tBAZM0hQ","negative","objective","News","female"
"@marcorubio is lying about Cruz and what happened in Iowa. Rubio is hiding what his own campaign did in Iowa. https://t.c","negative","objective","News","male"
"BREAKING: Senior Senate Staffer Reveals the @MarcoRubio Directly Misled Law Enforcement! #SCPrimary #MarcosMistakes https","neutral","objective","News","male"
"@marcorubio @BillClinton being a Rhodes Scholar most likely studied #TheArtofWar and had a clue about keeping us out of a costly war.","neutral","subjective","News","male"
"Where's #Marco? @MarcoRubio Racks up the Worst Missed-Vote Record in the US Senate! #MarcosMistakes #SCPrimary #VOAV https://","negative","objective","Recreation & Activities","male"
"Wow: Ted Cruz's super PAC ran an attack on @marcorubio so dishonest that it had to be pulled over legal concerns. https:/","negative","subjective","News","male"
"@tedcruz on @realDonaldTrump and  When anyone points to their actual records they get very upset and begin screaming","negative","objective","News","male"
"@marcorubio will prevail, it's becoming apparent. https://t.co/vpV7YGp8Z7","neutral","subjective","News","male"
"Think #incomeinequality is bad now? @MarcoRubio's insane tax plan funnels even more money to the Top 1% #DemDebate https:","positive","subjective","Home & Domestic Life","male"
"Did you know? @MarcoRubio Endorsed Mitch McConnell for Reelection? #RINO #GOPe #MarcosMistakes #VOAV #SCPrimary https://t.co","positive","subjective","News","female"
"@MarcoRubio Has a History of Raising Taxes and Lying About It! He Can't Be Trusted!#MarcosMistakes#SCPrimary #VOAV https:","negative","subjective","Home & Domestic Life","male"
"AWESOME!!! What REAL Conservatism Looks Like: @MarcoRubio in South Carolina: \"We're All In This Together\" https://t.co/UTCJ","positive","subjective","News","male"
"Schlafly Unloads on  He Betrayed Us All! #Amnesty #SCPrimary #SCGOP #MarcosMistakes #VOAV https://t.co/nk5ArusH4c","positive","objective","Shopping","male"
"@waconia3 @PoliticalLaughs @ryanr814 @RightForRubio @tedcruz @marcorubio All cults are horrible I haven't met other Trump supports like that","negative","subjective","Arts","female"
"@JournalismJudge @tedcruz @marcorubio Sound familiar? Establishment gives themselves away. Rubio wastes millions on bill not meant to pass?","neutral","subjective","News","male"
"Look what @marcorubio team posted in the women's restroom and on cars at packed @tedcruz event #keepitclassy https://t.co/0","neutral","objective","Sports","male"
"@MarcoRubio LIES! After Saying No to Refugees, Rubio Opens the Door to Syrians! #MarcosMistakes #SCPrimary #VOAV https://t","neutral","objective","News","male"
"@luckyone6565 
My~my @marcorubio U were my kid~soap in the mouth 
@TGowdySC @SenatorTimScott 
#SouthCarolinaPrimary  https://t.co/KsEnfuVlEQ","negative","objective","Shopping","female"
"Ready for the Nevada Caucuses on February 23rd? Attend a caucus training this week to learn more: https://t.co/fFJFjbw0Lt #","neutral","objective","Reference & Education","male"
"Schlafly Unloads on  He Betrayed Us All! #Amnesty #SCPrimary #SCGOP #MarcosMistakes #VOAV https://t.co/F5YBU5Wb1M","positive","objective","Shopping","male"
"@seanhannity @marcorubio @SenatorTimScott @TGowdySC way to call out Trump on dirty politics Sean. Your sacred like Scarborough","neutral","subjective","News","male"
"@marcorubio had the opportunity to vote to defund Planned Parenthood, he did not.","positive","objective","News","male"
"@Lea_in_Indy @tedcruz @marcorubio -I felt exactly the same way! Low info republicans might be deceived. Thanks for your sharing your views!","positive","subjective","Computers & Technology","male"
"Don't be fooled: @MarcoRubio NEVER supported cap-and-trade. He killed it in Florida. https://t.co/k0cRo5ejhN #SCPrimary","negative","subjective","News","male"
"@seanhannity @marcorubio @SenatorTimScott @TGowdySC endorsements mean Nothing to We The People! They are all establishment!","negative","objective","News","male"
"@MarcoRubio's Scandal-Ridden Gang Wont Leave Him Alone! #Rubio's Past Comes To Haunt! #MarcosMistakes #VOAV https://t.co","negative","objective","Society","male"
"Who Knew @MarcoRubio Supports Giving My Money 2 ILLEGALS 4 College! #MarcosMistakes #SCPrimary #VOAV https://t.co/tBAZM0hQ","negative","objective","News","female"
"#Senate TRUMP: Marco Rubio sweats too much to negotiate with Vladimir Putin https://t.co/WpklKB3d5B @MarcoRubio","negative","subjective","Science","male"
"Did you know? @MarcoRubio Endorsed Mitch McConnell for Reelection? #RINO #GOPe #teaparty #liberty #VOAV #SCPrimary https://t","positive","subjective","News","female"
"Where's #Marco? @MarcoRubio Racks up the Worst Missed-Vote Record in the US Senate! #MarcosMistakes #SCPrimary #VOAV https","negative","objective","Recreation & Activities","male"
"Cruz and Trump can keep their brand of conservative...I've no interest in closing the doors on the tent. @marcorubio is ","neutral","subjective","News","male"
"Reagan was able to instill in our nation a sense of optimism -- and he turned our country around. https://t.co/FR6YoFjIy9","neutral","objective","News","male"
"Schlafly Unloads on  He Betrayed Us All! #Amnesty #SCPrimary #SCGOP #MarcosMistakes #VOAV https://t.co/F5YBU5Wb1M","positive","objective","Shopping","male"
"@MarcoRubio Didnt Want To Vet Foreigners From Terrorist Countries After 9-11! #MarcosMistakes #SCPrimary #VOAV https://t","negative","objective","News","male"
"@FoxNews  @marcorubio @TGowdySC @SenatorTimScott How can you wrap yourselves in the constitution denying the President his right . #shame","neutral","objective","News","male"
"If you think because Trump is the bigger threat, I'm going to ignore Cruz lying non-stop about @marcorubio , you are mis","positive","subjective","News","female"
"@marcorubio can't wait for you to make it back down to Florida!!","positive","subjective","Home & Domestic Life","female"
"In Florida, @MarcoRubio worked to stop eminent domain abuse, like @realDonaldTrump used https://t.co/xv3abm6vSe  #DumpTrump #SC","neutral","objective","Health","male"
"Marco Rubio Has Always Voted Against Funding Planned Parenthood https://t.co/EwE5VrhG08 @marcorubio https://t.co/49midMwryZ","neutral","objective","News","male"
"@toddstarnes @LisaMKnight @marcorubio @KerryPicket Rubio and fox are corrupted and they are all liars, not Cruz.","negative","objective","News","male"
"@MarcoRubio's Illustrious Company On Bill Gates' Campaign Contribution List! Herd of #RINO's! #MarcosMistakes #VOAV htt","neutral","subjective","Business & Economy","male"
"@Norsu2 @marcorubio Rubio did support it sorry ","negative","subjective","News","female"
"@MarcoRubio LIES! After Saying No to Refugees, Rubio Opens the Door to Syrians! #MarcosMistakes #SCPrimary #VOAV https://t","neutral","objective","News","male"
"Don't be fooled: @MarcoRubio NEVER supported cap-and-trade. He killed it in Florida. https://t.co/k0cRo5ejhN #SCPrimary","negative","subjective","News","male"
"If you think because Trump is the bigger threat, I'm going to ignore Cruz lying non-stop about @marcorubio , you are mis","positive","subjective","News","female"
"@ChrisAbrell @FoxNews @SenatorTimScott @marcorubio so was the old lady in Atlantic City he tried to bully her 4 her home thru eminent domain","negative","objective","News","female"
"There is no question which candidate is running the most adult and most serious campaign: @MarcoRubio. He understands the issues. #SCPrimary","neutral","subjective","News","male"
"Schlafly Unloads on  He Betrayed Us All! #Amnesty #SCPrimary #SCGOP #MarcosMistakes #VOAV https://t.co/nk5ArusH4c","positive","objective","Shopping","male"
"I'm joining @marcorubio and his fight for a New American Century #marco https://t.co/jyiSQOtkp6","neutral","objective","Arts","female"
"@O_J_Nav @realDonaldTrump @marcorubio Marco Roboto is a loser like you troll!","positive","subjective","News","male"
"@FoxNews @marcorubio @TGowdySC @SenatorTimScott  Trump is far fiercer !!!!!!!!!!!!!!","neutral","subjective","News","male"
"@MarcoRubio Has a History of Raising Taxes and Lying About It! He Can't Be Trusted!#MarcosMistakes#SCPrimary #VOAV https:","negative","subjective","Home & Domestic Life","male"
"Where's #Marco? @MarcoRubio Racks up the Worst Missed-Vote Record in the US Senate! #MarcosMistakes #SCPrimary #VOAV https://","negative","objective","Recreation & Activities","male"
"Sen. @marcorubio has picked up some key endorsements. He joins me along w/ @SenatorTimScott and Rep @TGowdySC NEXT on #Hanni","neutral","objective","News","male"
"Marco Rubio Has Always Voted Against Funding Planned Parenthood https://t.co/EwE5VrhG08 @marcorubio https://t.co/49midMwryZ","neutral","objective","News","male"
"@MarcoRubio, Please Call Dan Quayle. All Rhetoric, No Substance! #SCPrimary #SCGOP #MarcosMistakes #VOAV https://t.co/2rH4D","negative","subjective","Society","male"
"@TGowdySC @marcorubio @SenatorTimScott be like \"Bring it on Dems\" #BadBoyz #MarcoRubio #Rubio2016 #LatinosConMarco https:/","positive","subjective","News","female"
" \"A conservative that can inspire a new generation of voters: @MarcoRubio\" https://t.co/JNkqbO397f","neutral","objective","News","male"
"What is @MarcoRubio Association w/ @RepRivera and #RalphArza? 2 Scandals, No Media Attention! #MarcosMistakes #VOAV https://","neutral","subjective","Recreation & Activities","male"
" \"A conservative that can inspire a new generation of voters: @MarcoRubio\" https://t.co/JNkqbO397f","neutral","objective","News","male"
"Team Marco Donor Big DEM Backer! Bankrolled RAHM Emanuel! TWICE! @MarcoRubio #MarcosMistakes #SCPrimary #VOAV https://t.co","neutral","objective","News","male"
"@marcorubio Bush 2 never spent enough time in USAF to be required to take advanced officer courses w/ #TheArtofWar to make higher ranks.","positive","objective","News","male"
"Marco Rubio Has Always Voted Against Funding Planned Parenthood https://t.co/EwE5VrhG08 @marcorubio https://t.co/49midMwryZ","neutral","objective","News","male"
"@tedcruz and @marcorubio trying to act like their family tree doesn't look like a #Pitbull video. #lies #mentirosos #fake","negative","subjective","Home & Domestic Life","female"
"@tedcruz on @realDonaldTrump and  When anyone points to their actual records they get very upset and begin screaming","negative","objective","News","male"
"@marcorubio @govsambrownback More losers who are backing Rubio. Rubio will lose because of his beliefs.","negative","objective","News","male"
"@GTHOMSE @marcorubio @thehill A madman with severe personality disorders running for President and 50% of the electorate follows him.  Help!","neutral","objective","Health","male"
"Sen. @marcorubio has picked up some key endorsements. He joins me along w/ @SenatorTimScott and Rep @TGowdySC NEXT on #Hanni","neutral","objective","News","male"
" Without any question, head and shoulders above the other candidates was @marcorubio. #Hannity https://t.co/","negative","subjective","News","male"
"@tedcruz @RealBenCarson @marcorubio @JohnKasich UNITE!!! Fight off liars Trump and Clinton!  We need 1 or 2 of you in WH! #UNITE #POTUS","neutral","subjective","News","male"
"@seanhannity nay MrG8 @marcorubio i just cant vote for sellout that now tries to hide his allegiance to the #WashingtonCartel by not voting","positive","objective","News","female"
"@JohnKasich @marcorubio @JebBush The Republican Strategy on Scalia's Vacated SCOTUS Seat is Risky https://t.co/xZEqV5ANWl","neutral","subjective","News","male"
"@MarcoRubio's Illustrious Company On Bill Gates' Campaign Contribution List! Herd of #RINO's! #MarcosMistakes #VOAV https","neutral","subjective","Business & Economy","male"
"Which @GOP candidate do u trust the most? @realDonaldTrump @tedcruz @marcorubio @JebBush","neutral","subjective","News","male"
"@MarcoRubio, Please Call Dan Quayle. All Rhetoric, No Substance! #SCPrimary #SCGOP #MarcosMistakes #VOAV https://t.co/T4iR","negative","subjective","Society","male"
"Former #NRA President: @MarcoRubio Wasnt a Friend to Gun Owners in FL! #MarcosMistakes #2A #VOAV #SCPrimary https://t.co/W","neutral","objective","News","male"
"BREAKING: No, You Can't Trust @MarcoRubio To Protect Your Guns! #2A #NRA #MarcosMistakes #NHPrimary #VOAV https://t.co/PF","neutral","subjective","Business & Economy","female"
"In Florida, @MarcoRubio worked to stop eminent domain abuse, like @realDonaldTrump used https://t.co/xv3abm6vSe  #DumpTrump #SC","neutral","objective","Health","male"
"Did you know? @MarcoRubio Endorsed Mitch McConnell for Reelection? #RINO #GOPe #MarcosMistakes #VOAV #SCPrimary https://t.c","positive","subjective","News","female"
"Don't be fooled: @MarcoRubio NEVER supported cap-and-trade. He killed it in Florida. https://t.co/k0cRo5ejhN #SCPrimary","negative","subjective","News","male"
"@MarcoRubio Didnt Want To Vet Foreigners From Terrorist Countries After 9-11! #MarcosMistakes #NHPrimary #VOAV https://","negative","objective","News","male"
"@blusie @PoliticalLaughs @ryanr814 @RightForRubio @tedcruz @marcorubio Your Trump Cult is actually even worse than the Cruzers.","negative","subjective","News","male"
"After Saturday's #GOPDebate @marcorubio took a victory lap on all 5 major Sunday shows! Get the highlights: https://t.co/X","neutral","objective","Sports","male"
"Uh Oh, Was @MarcoRubio Guilty in the Carson Dropout Rumor? It looks to be so! #TCOT #SCPrimary #MarcosMistakes #VOAV https:","negative","subjective","News","female"
"#TedCruz: Democrats Will Win if @MarcoRubio is GOP Nominee! #SCPrimary #SCGOP #MarcosMistakes #VOAV https://t.co/fLPhbgH6VH","negative","subjective","Science","male"
"@MarcoRubio donors incl Bill Gates and Paul Singer-Pro #CommonCore, Pro Gay-Marriage, Pro #Amnesty. #SCPrimary #VOAV https:/","neutral","objective","Society","male"
"@fuenteslegal I heard @SenSessions on @marklevinshow, too. @marcorubio has been lying desperately so much and that disqual","negative","subjective","News","male"
"@MarcoRubio LIES! After Saying No to Refugees, Rubio Opens the Door to Syrians! #MarcosMistakes #SCPrimary #VOAV https://t","neutral","objective","News","male"
"I'm so proud to support @MarcoRubio.  He's running the best, most adult, issues oriented campaign.  Please #SCPrimary voter","positive","subjective","Health","female"
"@MarcoRubio Immigration Is a Deal-Breaker! - No to #Rubio2016! #MarcosMistakes #VOAV #SCPrimary #SCGOP https://t.co/tenK","neutral","subjective","Society","female"
"@BrentRosenbaum @RepublicanVzlan @arpitpatel34 @marcorubio The call says Cruz the only alternative to Trump. These men are nuts. James/Tony","neutral","objective","News","male"
"@BradleyWasson @tedcruz Lost all respect for @marcorubio at Sat. debate. Everything Ted said about Marco was true! Marco s","negative","objective","News","male"
